School Name,School Name Short,Town,School Type,TOTAL_Enrollment,Average Class Size,% Economically Disadvantaged,% High Needs,% English Language Learner,% Students With Disabilities,% MCAS_3rdGrade_Math_P+A,% MCAS_4thGrade_Math_P+A,% MCAS_3rdGrade_English_P+A,% MCAS_4thGrade_English_P+A,% MCAS_3rdGrade_Math_W/F,% MCAS_4thGrade_Math_W/F,% MCAS_3rdGrade_English_W/F,% MCAS_4thGrade_English_W/F,Average Expenditures per Pupil,Accountability and Assistance Level,School Accountability Percentile (1-99),AI_Classification,AI_Insight,AI_Key_Strength,AI_Key_Concern,School_Level
Beaver Brook Elementary School,Beaver Brook El,Abington,Public School,580,24.6,23.3,37.1,7.2,13.3,66.0,56.0,57.0,61.0,9.0,7.0,6.0,8.0,13270.84,Level 3,34.0,Performing,Beaver Brook Elementary shows average MCAS proficiency rates with manageable warning/fail metrics.,Proficiency,Diversity,K-8
Benjamin J Phelps,Benjamin J Phel,Agawam,Public School,385,16.8,26.8,41.8,13.2,13.0,68.0,51.0,60.0,61.0,8.0,6.0,5.0,8.0,14363.21,Level 2,28.0,Performing,"The school demonstrates solid proficiency rates, particularly in 3rd grade math.",Proficiency,Demographics,K-8
Clifford M Granger,Clifford M Gran,Feeding Hills,Public School,293,19.8,32.8,45.7,7.2,19.1,79.0,74.0,56.0,71.0,7.0,3.0,5.0,8.0,14363.21,Level 2,68.0,Performing,Clifford M Granger shows strong math proficiency but needs improvement in English outcomes.,Math,English,K-8
James Clark School,James Clark Sch,Agawam,Public School,329,18.2,28.9,45.3,11.9,17.6,78.0,68.0,53.0,66.0,12.0,15.0,14.0,16.0,14363.21,Level 2,46.0,Performing,The school shows solid math proficiency rates but could improve in English language outcomes.,Math proficiency,English proficiency,K-8
Robinson Park,Robinson Park,Agawam,Public School,377,17.7,35.0,48.0,14.3,13.0,71.0,66.0,53.0,60.0,13.0,5.0,7.0,9.0,14363.21,Level 2,56.0,Performing,"Robinson Park demonstrates solid proficiency in math, yet has room for improvement in English outcomes.",Math proficiency,English outcomes,K-8
Amesbury Elementary,Amesbury Elem,Amesbury,Public School,388,20.4,23.7,38.1,0.0,20.4,64.0,72.0,55.0,72.0,14.0,3.0,8.0,4.0,13771.87,Level 2,57.0,Performing,"Amesbury Elementary demonstrates solid proficiency rates in most grades, particularly in 4th grade math and English.",Proficiency,High Needs,K-8
Charles C Cashman Elementary,Charles C Cashm,Amesbury,Public School,458,22.1,27.9,44.5,3.9,24.0,56.0,56.0,48.0,64.0,22.0,8.0,11.0,10.0,13771.87,Level 2,59.0,Performing,The school shows average outcomes with solid math results for 3rd and 4th grades.,Math proficiency,English performance,K-8
Crocker Farm Elementary,Crocker Farm El,Amherst,Public School,404,18.1,26.7,46.8,18.8,21.8,56.0,59.0,63.0,53.0,8.0,9.0,10.0,13.0,20236.57,Level 2,54.0,Performing,Crocker Farm Elementary shows average proficiency and pass rates despite a significant percentage of high needs students.,Proficiency,Demographics,K-8
Fort River Elementary,Fort River Elem,Amherst,Public School,335,20.2,38.2,52.2,15.5,21.5,67.0,49.0,54.0,37.0,12.0,20.0,5.0,20.0,20236.57,Level 2,38.0,Performing,Fort River Elementary shows a mix of solid math proficiency but struggles in English for 4th graders.,Math,English,K-8
Wildwood Elementary,Wildwood Elem,Amherst,Public School,409,20.1,31.5,47.4,15.9,15.4,70.0,64.0,46.0,47.0,12.0,24.0,14.0,19.0,20236.57,Level 2,64.0,Performing,Wildwood Elementary shows solid math proficiency but struggles with English proficiency rates.,Math,English,K-8
Berkley Community School,Berkley Comm Sc,Berkley,Public School,537,20.8,18.4,29.1,0.0,13.8,83.0,62.0,67.0,66.0,2.0,4.0,2.0,10.0,13153.79,Level 2,43.0,Performing,Berkley Community School shows solid proficiency rates in math and English with low warning/fail rates.,Proficiency,English,K-8
Eddy Elementary,Eddy Elem,Brewster,Public School,233,18.4,24.0,35.6,2.1,18.0,81.0,57.0,65.0,59.0,9.0,5.0,3.0,4.0,20571.79,Level 2,72.0,Performing,"Eddy Elementary shows solid MCAS performance, particularly in 3rd-grade math proficiency.",Math proficiency,4th grade outcomes,K-8
Edith C Baker,Edith C Baker,Chestnut Hill,Public School,764,18.4,8.1,36.6,13.1,14.0,83.0,82.0,81.0,81.0,6.0,7.0,8.0,7.0,17652.46,Level 1,97.0,Thriving,Edith C Baker achieves high MCAS proficiency rates despite a diverse student demographic.,Proficiency,Diversity,K-8
Edward Devotion,Edward Devotion,Brookline,Public School,798,18.8,12.0,37.6,15.3,14.8,70.0,64.0,68.0,73.0,16.0,8.0,7.0,6.0,17652.46,Level 2,84.0,Performing,"Edward Devotion exhibits solid proficiency rates among students, particularly in 3rd-grade math.",Proficiency,Demographics,K-8
Heath,Heath,Chestnut Hill,Public School,578,20.3,4.8,20.6,5.7,9.2,92.0,95.0,81.0,96.0,3.0,0.0,1.0,0.0,17652.46,Level 2,97.0,Thriving,"Heath School boasts remarkably high MCAS proficiency rates, especially in 4th grade math and English.",Proficiency,None,K-8
John D Runkle,John D Runkle,Brookline,Public School,613,20.5,4.7,28.5,7.7,19.2,88.0,77.0,79.0,74.0,5.0,5.0,2.0,6.0,17652.46,Level 1,89.0,Thriving,John D Runkle excels in MCAS proficiency rates despite a diverse student body.,Proficiency,Diversity,K-8
Lawrence,Lawrence,Brookline,Public School,711,18.5,10.4,41.9,21.5,12.8,84.0,82.0,80.0,75.0,4.0,9.0,4.0,4.0,17652.46,Level 1,92.0,Thriving,Lawrence School excels with high MCAS proficiency rates despite a significant portion of high needs students.,Proficiency,Demographics,K-8
Michael Driscoll,Michael Driscol,Brookline,Public School,600,20.0,6.0,28.2,9.2,15.2,90.0,63.0,79.0,71.0,3.0,7.0,1.0,9.0,17652.46,Level 2,94.0,Performing,The school shows strong proficiency in 3rd grade math but room for growth in 4th grade assessments.,Math proficiency,4th grade performance,K-8
Pierce,Pierce,Brookline,Public School,854,20.1,9.5,30.7,14.9,8.9,90.0,75.0,73.0,73.0,4.0,4.0,4.0,3.0,17652.46,Level 2,84.0,Thriving,Pierce School has exceptional MCAS proficiency rates in 3rd and 4th grade math and English.,Proficiency,None,K-8
William H Lincoln,William H Linco,Brookline,Public School,576,17.7,14.2,41.7,14.2,18.4,77.0,75.0,68.0,68.0,9.0,7.0,7.0,8.0,17652.46,Level 1,91.0,Thriving,William H Lincoln shows high MCAS proficiency rates and low warning/fail rates despite diverse student needs.,Proficiency,Diversity,K-8
Byam School,Byam Sch,Chelmsford,Public School,495,23.3,14.1,26.9,4.8,14.5,76.0,69.0,69.0,66.0,5.0,5.0,5.0,13.0,13288.93,Level 2,66.0,Performing,"Byam School demonstrates solid proficiency rates in math and English, particularly in 3rd-grade assessments.",Proficiency,4th grade English,K-8
Center Elementary School,Ctr Elem 2,Chelmsford,Public School,434,22.2,11.8,29.0,6.5,15.0,79.0,72.0,74.0,75.0,7.0,8.0,5.0,9.0,13288.93,Level 2,82.0,Performing,Center Elementary shows solid proficiency rates in math and English for grades 3 and 4.,Proficiency,High Needs,K-8
Charles D Harrington,Charles D Harri,North Chelmsford,Public School,471,22.1,19.1,34.8,5.7,13.4,76.0,66.0,59.0,66.0,3.0,3.0,1.0,1.0,13288.93,Level 2,83.0,Performing,The school shows solid proficiency rates but has room for improvement in English outcomes.,Math proficiency,English performance,K-8
South Row,S Row,Chelmsford,Public School,379,20.2,8.7,23.0,6.6,10.3,82.0,76.0,77.0,78.0,3.0,8.0,0.0,8.0,13288.93,Level 1,78.0,Thriving,South Row consistently demonstrates strong MCAS proficiency rates across all grades and subjects.,Proficiency,None,K-8
Deer Hill,Deer Hill,Cohasset,Public School,382,21.7,4.5,14.9,0.0,12.3,82.0,76.0,76.0,85.0,2.0,5.0,2.0,3.0,14937.37,Level 2,86.0,Thriving,Deer Hill demonstrates strong MCAS proficiency rates combined with low warning/fail rates.,Proficiency,None,K-8
Conway Grammar,Conway Grammar,Conway,Public School,141,16.1,23.4,32.6,0.0,18.4,95.0,72.0,84.0,72.0,0.0,0.0,0.0,4.0,15545.57,Level 1,68.0,Performing,"Strong MCAS proficiency rates in 3rd grade, but 4th grade results show room for improvement.",Proficiency,4th Grade,K-8
Deerfield Elementary,Deerfield Elem,South Deerfield,Public School,401,15.2,19.7,32.7,1.5,18.7,75.0,57.0,58.0,72.0,6.0,10.0,0.0,3.0,13787.63,Level 2,48.0,Performing,"Deerfield Elementary demonstrates solid MCAS proficiency rates, particularly in 3rd grade math.",Math,4th Grade English,K-8
Chickering,Chickering,Dover,Public School,483,20.4,2.7,21.1,2.5,14.9,90.0,83.0,70.0,87.0,0.0,2.0,3.0,1.0,24262.82,Level 1,97.0,Thriving,"Chickering excels in MCAS performance, particularly in math with a 90% proficiency rate for 3rd grade.",Proficiency,None,K-8
Brookside Elementary,Brookside Elem,Dracut,Public School,463,23.1,28.1,41.0,2.2,14.7,69.0,50.0,53.0,51.0,9.0,8.0,3.0,5.0,11380.49,Level 2,29.0,Performing,Brookside Elementary shows solid 3rd grade math proficiency but needs improvement in 4th grade outcomes.,3rd grade math,4th grade performance,K-8
George H. Englesby Elementary School,George H. Engle,Dracut,Public School,508,21.1,27.8,39.2,1.8,16.9,63.0,27.0,61.0,55.0,16.0,18.0,9.0,8.0,11380.49,Level 2,36.0,Struggling,"The school shows significant disparities in math proficiency, especially in 4th grade.",3rd Grade English,4th Grade Math,K-8
Greenmont Avenue,Greenmont Avenu,Dracut,Public School,280,24.0,27.9,40.4,1.8,15.7,49.0,60.0,50.0,65.0,19.0,8.0,10.0,8.0,11380.49,Level 2,58.0,Performing,Greenmont Avenue has solid proficiency rates in math and English for 3rd and 4th graders.,Proficiency,Economically Disadvantaged,K-8
Joseph A Campbell Elementary,Joseph A Campbe,Dracut,Public School,546,21.9,17.2,33.9,1.6,20.0,48.0,56.0,52.0,64.0,19.0,10.0,5.0,12.0,11380.49,Level 2,41.0,Performing,The school demonstrates solid proficiency rates in both math and English for 3rd and 4th grades.,Proficiency,High Needs,K-8
Gordon W Mitchell,Gordon W Mitche,East Bridgewater,Public School,690,25.4,18.0,34.8,0.3,23.3,69.0,71.0,51.0,67.0,8.0,6.0,11.0,9.0,10399.97,Level 2,81.0,Performing,Gordon W Mitchell shows solid math proficiency but needs improvement in English outcomes.,Math,English,K-8
Richardson Olmsted School,Richardson Olms,North Easton,Public School,835,24.0,11.1,26.5,0.8,17.1,80.0,60.0,69.0,59.0,5.0,9.0,4.0,8.0,12730.58,Level 2,63.0,Performing,The school shows strong math proficiency in 3rd grade but needs improvement in 4th grade English.,Math,English,K-8
Carlton M. Viveiros Elementary School,Carlton M. Vive,Fall River,Public School,725,21.2,76.4,81.8,10.1,17.2,70.0,56.0,50.0,44.0,11.0,9.0,9.0,22.0,14076.23,Level 1,48.0,Performing,The school demonstrates solid math proficiency but struggles with English language arts outcomes.,Math Proficiency,English Outcomes,K-8
Henry Lord Community School,Henry Lord Comm,Fall River,Public School,624,17.8,78.7,86.9,17.0,24.7,10.0,14.0,24.0,37.0,45.0,47.0,29.0,26.0,14076.23,Insufficient data,,At Risk,The school faces significant challenges with low proficiency rates and high warning/fail rates.,Community,Proficiency,K-8
James Tansey,James Tansey,Fall River,Public School,293,25.3,45.4,51.2,2.4,11.3,67.0,75.0,39.0,70.0,2.0,13.0,4.0,8.0,14076.23,Level 2,38.0,Performing,Math proficiency in 4th grade is notably strong compared to English outcomes.,Math Proficiency,English Proficiency,K-8
John J Doran,John J Doran,Fall River,Public School,546,24.0,76.4,83.5,13.9,20.9,33.0,43.0,15.0,38.0,39.0,15.0,26.0,26.0,14076.23,Level 2,40.0,Struggling,The school faces significant challenges with low MCAS proficiency rates in both math and English.,Enrollment,Proficiency,K-8
Letourneau Elementary School,Letourneau Elem,Fall River,Public School,597,21.9,70.2,79.2,34.0,13.2,51.0,45.0,29.0,52.0,17.0,9.0,22.0,17.0,14076.23,Level 3,16.0,Struggling,"The school shows significant challenges in English proficiency, impacting overall academic outcomes.",Math performance,English proficiency,K-8
Mary Fonseca Elementary School,Mary Fonseca El,Fall River,Public School,713,23.6,81.1,86.7,18.1,11.8,46.0,30.0,32.0,32.0,24.0,18.0,18.0,25.0,14076.23,Level 4,5.0,Struggling,The school has low proficiency rates in both math and English across multiple grades.,Enrollment,Proficiency,K-8
North End Elementary,N End Elem,Fall River,Public School,763,23.1,56.7,65.5,6.3,21.0,74.0,64.0,64.0,67.0,12.0,4.0,9.0,7.0,14076.23,Level 2,69.0,Performing,North End Elementary shows solid proficiency rates despite a high percentage of economically disadvantaged students.,Proficiency,High Needs,K-8
Samuel Watson,Samuel Watson,Fall River,Public School,304,22.6,78.0,83.2,11.2,14.1,34.0,32.0,24.0,37.0,21.0,19.0,3.0,21.0,14076.23,Level 4,11.0,At Risk,The school faces urgent challenges with low proficiency rates and a high percentage of economically disadvantaged students.,N/A,Low proficiency rates,K-8
Spencer Borden,Spencer Borden,Fall River,Public School,523,20.1,57.9,66.5,5.0,21.2,80.0,49.0,61.0,56.0,12.0,16.0,12.0,19.0,14076.23,Level 1,67.0,Performing,Spencer Borden has strong 3rd grade math proficiency but less impressive outcomes in 4th grade subjects.,3rd Grade Math,4th Grade Proficiency,K-8
William S Greene,William S Green,Fall River,Public School,768,22.0,66.8,73.4,7.6,18.2,51.0,37.0,32.0,35.0,23.0,21.0,17.0,29.0,14076.23,Level 2,27.0,Struggling,"The school demonstrates below average outcomes, particularly in 3rd and 4th grade English proficiency.",Math proficiency,English proficiency,K-8
Blanchard Memorial School,Blanchard Memor,Boxborough,Public School,413,21.1,5.8,26.6,3.1,20.3,80.0,87.0,69.0,84.0,10.0,3.0,5.0,1.0,14016.2,Level 1,94.0,Thriving,Blanchard Memorial School demonstrates high proficiency rates particularly in math across grade levels.,Proficiency,High Needs,K-8
C.T. Douglas Elementary School,C.T. Douglas El,Acton,Public School,456,22.9,4.6,29.2,7.0,16.4,70.0,73.0,61.0,83.0,9.0,3.0,9.0,3.0,14016.2,Level 2,90.0,Thriving,C.T. Douglas Elementary School demonstrates high proficiency rates with low warning rates in key subjects.,Proficiency,Diversity,K-8
Luther Conant School,Luther Conant S,Acton,Public School,451,22.9,7.1,33.0,13.3,16.0,91.0,87.0,77.0,74.0,3.0,4.0,3.0,1.0,14016.2,Level 1,95.0,Thriving,Luther Conant School excels with high MCAS proficiency rates despite a diverse student demographic.,Proficiency,None,K-8
McCarthy-Towne School,McCarthy-Towne,Acton,Public School,475,22.8,8.8,29.3,7.4,14.7,78.0,70.0,75.0,70.0,4.0,11.0,3.0,11.0,14016.2,Level 2,73.0,Performing,McCarthy-Towne School demonstrates solid academic outcomes with low warning rates among students.,Proficiency,Disparity,K-8
Merriam School,Merriam Sch,Acton,Public School,517,22.2,6.6,25.5,5.0,15.5,74.0,69.0,56.0,73.0,0.0,8.0,1.0,8.0,14016.2,Level 2,87.0,Performing,Merriam School demonstrates solid math proficiency rates in 3rd and 4th grade.,Math Proficiency,English Proficiency,K-8
Paul P Gates Elementary School,Paul P Gates El,Acton,Public School,404,22.4,9.9,30.9,9.9,16.6,76.0,90.0,74.0,84.0,0.0,6.0,9.0,4.0,14016.2,Level 1,96.0,Thriving,Paul P Gates El demonstrates excellent MCAS proficiency rates and minimal warning rates.,Proficiency,High Needs,K-8
Athol Community Elementary School,Athol Comm Elem,Athol,Public School,577,15.6,56.7,66.2,3.5,26.7,32.0,14.0,18.0,14.0,34.0,41.0,21.0,55.0,13694.87,Level 4,1.0,At Risk,The school demonstrates alarmingly low proficiency rates in both math and English across grades.,Dedicated staff,Low proficiency,K-8
Royalston Community School,Royalston Comm,Royalston,Public School,144,17.3,37.5,46.5,1.4,18.8,48.0,52.0,26.0,37.0,15.0,19.0,15.0,22.0,13694.87,Level 3,20.0,Struggling,"The school exhibits low English proficiency rates, indicating a need for focused academic intervention.",Math performance,English proficiency,K-8
Atlantis Charter School,Atlantis CS,Fall River,Charter School,1111,21.7,41.4,50.0,6.0,12.2,67.0,42.0,50.0,50.0,11.0,8.0,9.0,11.0,,Level 2,67.0,Performing,The school has strong 3rd grade math proficiency but struggles with 4th grade outcomes.,3rd Grade Math,4th Grade Performance,K-8
New Hingham Regional Elementary,New Hingham Reg,Chesterfield,Public School,140,13.7,26.4,42.1,0.0,22.1,53.0,35.0,53.0,45.0,21.0,10.0,5.0,10.0,14070.55,Level 2,55.0,Performing,The school demonstrates solid proficiency rates in math and English for 3rd graders.,Proficiency,4th Grade Math,K-8
Community Day Charter Public School - Gateway,Comm Day CS Pub,Lawrence,Charter School,280,20.0,50.7,83.6,59.3,9.6,75.0,68.0,63.0,68.0,5.0,8.0,5.0,5.0,,Insufficient data,,Performing,The school maintains solid proficiency rates despite a high percentage of economically disadvantaged students.,Proficiency,Demographics,K-8
Community Day Charter Public School - Prospect,Comm Day CS P 2,Lawrence,Charter School,400,20.9,48.3,74.8,40.8,10.5,76.0,73.0,62.0,63.0,2.0,5.0,5.0,10.0,,Level 1,89.0,Performing,The school demonstrates solid proficiency rates while effectively supporting a diverse student population.,Proficiency,English,K-8
Community Day Charter Public School - R. Kingman Webster,Comm Day CS P 3,Lawrence,Charter School,280,20.0,48.6,76.4,44.6,8.6,82.0,76.0,69.0,70.0,3.0,3.0,0.0,12.0,,Insufficient data,,Thriving,The school demonstrates strong proficiency rates despite serving a high percentage of economically disadvantaged students.,Proficiency,Demographics,K-8
Dighton Elementary,Dighton Elem,Dighton,Public School,420,19.3,15.2,23.6,0.0,12.9,67.0,60.0,54.0,63.0,14.0,5.0,1.0,9.0,13315.89,Level 2,44.0,Performing,Dighton Elementary demonstrates solid proficiency rates in math and English for grades three and four.,Proficiency,Equity,K-8
Palmer River,Palmer River,Rehoboth,Public School,564,20.3,12.2,18.1,0.5,6.7,73.0,55.0,58.0,67.0,5.0,9.0,9.0,9.0,13315.89,Level 2,35.0,Performing,Palmer River demonstrates solid math proficiency but shows room for improvement in English scores.,Math proficiency,English scores,K-8
Dudley Elementary,Dudley Elem,Dudley,Public School,373,21.4,24.9,35.9,3.2,12.3,71.0,63.0,58.0,62.0,6.0,3.0,3.0,6.0,11584.81,Level 2,70.0,Performing,"Dudley Elementary shows solid proficiency rates, particularly in 3rd grade math.",Proficiency,English,K-8
Heritage School,Heritage Sch,Charlton,Public School,496,20.0,18.1,31.3,2.2,13.3,78.0,56.0,62.0,66.0,9.0,6.0,7.0,7.0,11584.81,Level 2,61.0,Performing,Heritage School shows average proficiency rates with low warning/fail rates in key subjects.,Proficiency,Math,K-8
Farmington River Elementary,Farmington Rive,Otis,Public School,114,14.6,33.3,43.0,0.0,16.7,67.0,58.0,60.0,67.0,13.0,8.0,13.0,0.0,17094.52,Level 2,42.0,Performing,Farmington River Elementary demonstrates solid proficiency rates with manageable warning/failure rates.,Proficiency,Demographics,K-8
George R Austin Intermediate School,George R Austin,Lakeville,Public School,473,22.7,19.5,31.9,1.1,16.7,,56.0,,53.0,,7.0,,9.0,12187.71,Level 2,67.0,Performing,George R Austin Intermediate School demonstrates solid proficiency rates in math and English for 4th graders.,Proficiency,Needs,K-8
Penn Brook,Penn Brook,Georgetown,Public School,697,38.7,9.3,17.9,0.6,10.0,81.0,72.0,57.0,69.0,9.0,1.0,2.0,5.0,12601.51,Level 3,65.0,Performing,Penn Brook shows solid MCAS proficiency in math but moderate performance in English language arts.,Math,English,K-8
Millbury Street Elementary School,Millbury Street,Grafton,Public School,679,22.2,13.5,29.2,1.3,19.3,78.0,65.0,66.0,73.0,7.0,10.0,7.0,11.0,11043.15,Level 2,71.0,Performing,"Millbury Street Elementary demonstrates solid proficiency rates, particularly in 3rd grade math.",Proficiency,Equity,K-8
North Street Elementary School,N Street Elem,Grafton,Public School,597,22.8,13.1,27.8,0.5,16.9,89.0,72.0,69.0,65.0,1.0,5.0,0.0,6.0,11043.15,Level 2,72.0,Performing,"North Street Elementary School demonstrates solid math proficiency rates, especially in 3rd grade.",Math Proficiency,English Proficiency,K-8
Hadley Elementary,Hadley Elem,Hadley,Public School,304,20.3,18.8,30.6,2.0,15.8,65.0,61.0,61.0,52.0,12.0,4.0,7.0,4.0,12553.08,Level 2,45.0,Performing,Hadley Elementary shows solid proficiency rates but room for improvement in 4th grade English.,Proficiency,English,K-8
Halifax Elementary,Halifax Elem,Halifax,Public School,592,19.4,18.9,31.4,0.8,14.0,80.0,75.0,70.0,55.0,3.0,4.0,2.0,11.0,13890.7,Level 2,72.0,Performing,"Halifax Elementary showcases strong math proficiency, though English scores indicate room for improvement.",Math,English,K-8
Green Meadows Elementary,Green Meadows E,Hampden,Public School,247,18.8,16.2,33.2,1.2,21.9,83.0,64.0,48.0,64.0,10.0,5.0,2.0,16.0,13829.67,Level 2,52.0,Performing,Green Meadows Elementary shows average proficiency in math and English with manageable warning rates.,Math proficiency,English proficiency,K-8
Soule Road,Soule Road,Wilbraham,Public School,339,24.3,17.1,24.5,1.5,10.3,,60.0,,65.0,,2.0,,3.0,13829.67,Level 2,64.0,Performing,"Soule Road demonstrates average proficiency rates, with low warning/fail rates in critical subjects.",Proficiency,High Needs,K-8
Hildreth Elementary School,Hildreth Elem,Harvard,Public School,433,18.4,3.7,15.9,2.3,10.2,86.0,75.0,68.0,79.0,6.0,1.0,4.0,7.0,15798.53,Level 1,99.0,Thriving,Hildreth Elementary boasts exceptional proficiency rates in math and English across all grades.,Proficiency,None,K-8
Hawlemont Regional,Hawlemont Reg,Charlemont,Public School,105,12.5,52.4,63.8,0.0,21.0,,17.0,,58.0,,25.0,,8.0,15857.41,Level 2,31.0,Struggling,The school's low 4th grade math proficiency highlights significant performance challenges.,English Proficiency,Math Proficiency,K-8
Hilltown Cooperative Charter Public School,Hilltown Cooper,Easthampton,Charter School,218,29.2,11.5,24.3,0.0,16.5,65.0,67.0,65.0,67.0,5.0,5.0,0.0,0.0,,Level 3,87.0,Thriving,Hilltown Cooperative Charter Public School demonstrates strong MCAS proficiency rates with minimal warning/fail rates.,Proficiency,None,K-8
East Elementary School,E Elem,Hingham,Public School,543,21.3,5.7,15.8,0.0,12.0,88.0,95.0,82.0,92.0,2.0,0.0,0.0,0.0,12367.63,Level 1,98.0,Thriving,East Elementary School boasts exceptional MCAS proficiency rates and low warning/fail rates across grade levels.,Proficiency,None,K-8
Plymouth River,Plymouth River,Hingham,Public School,470,21.3,5.1,15.1,0.0,11.1,94.0,92.0,81.0,88.0,0.0,0.0,0.0,0.0,12367.63,Level 1,99.0,Thriving,Plymouth River boasts exceptional MCAS proficiency rates with no warning or failing students.,Proficiency,None,K-8
South Elementary,S Elem 3,Hingham,Public School,512,21.6,3.1,14.5,0.0,12.1,88.0,88.0,76.0,86.0,5.0,3.0,5.0,1.0,12367.63,Level 1,98.0,Thriving,South Elementary boasts exceptionally high MCAS proficiency rates across all tested grades.,Proficiency,None,K-8
Wm L Foster Elementary,Wm L Foster Ele,Hingham,Public School,470,20.1,6.2,16.8,0.9,10.6,86.0,89.0,68.0,87.0,4.0,1.0,1.0,2.0,12367.63,Level 2,96.0,Performing,The school boasts high proficiency rates in math and strong performance in English.,Proficiency rates,English performance,K-8
Miller School,Miller Sch,Holliston,Public School,682,19.9,7.8,26.2,3.4,17.0,78.0,62.0,72.0,67.0,3.0,6.0,2.0,8.0,13446.3,Level 2,77.0,Performing,Miller School demonstrates solid proficiency rates in both math and English for 3rd and 4th grades.,Proficiency,Engagement,K-8
Memorial,Memorial 2,Hopedale,Public School,549,22.9,10.6,26.8,1.3,18.6,83.0,74.0,62.0,86.0,10.0,4.0,4.0,4.0,11836.82,Level 2,84.0,Performing,Memorial School shows solid proficiency in math and English across grades 3 and 4.,Proficiency,Equity,K-8
Hopkins Elementary School,Hopkins Elem,Hopkinton,Public School,497,22.4,5.2,17.5,1.0,10.5,,80.0,,81.0,,2.0,,3.0,13534.81,Level 2,79.0,Thriving,"Hopkins Elementary excels in MCAS scores, with low warning rates and a strong accountability percentile.",Proficiency,High Needs,K-8
C A Farley,C A Farley,Hudson,Public School,487,18.9,26.5,39.2,12.5,12.7,67.0,48.0,44.0,55.0,12.0,8.0,13.0,9.0,14637.03,Level 3,28.0,Struggling,"The school's proficiency rates in English and math are significantly below average, indicating an urgent need for intervention.",Math performance,English proficiency,K-8
Forest Avenue Elementary,Forest Avenue E,Hudson,Public School,325,20.0,18.8,34.8,13.2,12.0,82.0,56.0,48.0,44.0,8.0,15.0,10.0,13.0,14637.03,Level 2,43.0,Performing,"3rd grade math proficiency is strong, but 4th grade outcomes show significant room for improvement.",Math proficiency,English outcomes,K-8
Mulready Elementary,Mulready Elem,Hudson,Public School,250,16.5,25.2,41.2,8.0,20.0,61.0,63.0,39.0,62.0,14.0,12.0,14.0,10.0,14637.03,Level 2,53.0,Performing,"Mulready Elementary has solid math performance, but English proficiency in 3rd grade is notably low.",Math,English,K-8
Paul F Doyon Memorial,Paul F Doyon Me,Ipswich,Public School,394,19.7,11.4,27.9,4.1,16.0,72.0,60.0,60.0,66.0,7.0,6.0,10.0,9.0,14069.27,Level 2,66.0,Performing,The school demonstrates solid proficiency rates in math and English despite diverse student needs.,Proficiency,Diversity,K-8
Winthrop,Winthrop,Ipswich,Public School,383,19.0,20.1,31.9,4.2,17.2,84.0,69.0,63.0,58.0,2.0,7.0,0.0,11.0,14069.27,Level 1,70.0,Error,Expecting value: line 1 column 1 (char 0),N/A,N/A,K-8
Lawrence Family Development Charter School,Lawrence Fami 2,Lawrence,Charter School,717,18.3,54.7,69.7,26.4,6.4,76.0,69.0,58.0,71.0,4.0,2.0,6.0,7.0,,Level 1,81.0,Performing,The school shows strong math performance despite a notable gap in English proficiency rates.,Math proficiency,English proficiency,K-8
Lee Elementary,Lee Elem,Lee,Public School,336,15.9,41.4,51.2,3.0,12.8,70.0,48.0,42.0,38.0,9.0,7.0,9.0,19.0,16517.82,Level 2,54.0,Struggling,"Lee Elementary shows concerning proficiency rates, particularly in 4th grade English.",Math proficiency,English proficiency,K-8
Morris,Morris,Lenox,Public School,310,17.5,17.1,27.4,4.5,8.4,90.0,82.0,57.0,86.0,0.0,2.0,2.0,2.0,17527.3,Level 1,88.0,Performing,"Morris School demonstrates strong math proficiency, particularly at the 3rd grade level.",Math proficiency,English outcomes,K-8
Bowman,Bowman,Lexington,Public School,567,22.4,6.3,34.0,16.0,10.6,90.0,84.0,81.0,77.0,1.0,4.0,1.0,3.0,17866.69,Level 1,98.0,Thriving,Bowman School exhibits excellent MCAS proficiency rates and minimal warning/fail rates.,Proficiency,High Needs,K-8
Bridge,Bridge,Lexington,Public School,565,21.7,5.0,25.1,9.2,9.2,90.0,81.0,83.0,83.0,1.0,2.0,2.0,0.0,17866.69,Level 2,98.0,Thriving,Bridge School has exceptionally high MCAS proficiency rates and low warning/fail rates.,Proficiency,N/A,K-8
Fiske,Fiske,Lexington,Public School,479,21.9,2.9,31.1,12.5,14.8,82.0,87.0,75.0,83.0,7.0,1.0,6.0,3.0,17866.69,Level 1,97.0,Thriving,"Fiske School boasts high MCAS proficiency rates, especially in math, with minimal warning/fail rates.",Proficiency,High Needs,K-8
Harrington,Harrington,Lexington,Public School,465,21.3,4.5,23.0,4.7,13.5,94.0,78.0,64.0,77.0,1.0,9.0,1.0,9.0,17866.69,Level 1,96.0,Thriving,Harrington excels with high proficiency rates in 3rd and 4th grade across all subjects.,Proficiency,None,K-8
Joseph Estabrook,Joseph Estabroo,Lexington,Public School,535,21.5,6.4,28.6,12.7,9.3,87.0,81.0,79.0,85.0,4.0,4.0,1.0,3.0,17866.69,Level 1,97.0,Thriving,Joseph Estabrook achieves exceptionally high proficiency rates in both math and English.,Proficiency,Equity,K-8
Maria Hastings,Maria Hastings,Lexington,Public School,455,19.6,5.7,41.5,17.4,16.9,94.0,79.0,88.0,86.0,0.0,1.0,1.0,3.0,17866.69,Level 1,99.0,Thriving,"Maria Hastings boasts exceptional MCAS proficiency rates, reflecting strong academic performance.",Proficiency,High Needs,K-8
Hanscom Middle,Hanscom Middle,Hanscom Air Force Bs,Public School,249,14.2,2.4,21.7,1.6,18.5,,29.0,,51.0,,15.0,,11.0,20937.15,Level 2,74.0,Struggling,The school has low proficiency rates in both 4th grade math and significant warning rates.,Engagement,Proficiency,K-8
Lincoln School,Lincoln Sch 2,Lincoln,Public School,629,16.8,8.1,25.9,3.0,17.3,91.0,79.0,81.0,85.0,3.0,1.0,1.0,0.0,20937.15,Level 1,93.0,Thriving,Lincoln School demonstrates excellent proficiency rates and low warning/fail rates across all metrics.,Proficiency,None,K-8
Russell St Elementary,Russell St Elem,Littleton,Public School,387,23.4,10.1,27.6,1.8,19.1,83.0,70.0,71.0,74.0,4.0,6.0,2.0,6.0,13990.04,Level 2,66.0,Performing,"Russell St Elementary demonstrates solid proficiency rates, particularly in 3rd grade math.",Proficiency,Equity,K-8
Blueberry Hill,Blueberry Hill,Longmeadow,Public School,426,19.8,6.6,21.4,3.1,13.1,88.0,83.0,71.0,84.0,0.0,0.0,3.0,1.0,14385.39,Level 1,89.0,Thriving,Blueberry Hill boasts impressive MCAS proficiency rates and zero warning/fail rates in critical subjects.,Proficiency,N/A,K-8
Center,Ctr 2,Longmeadow,Public School,404,17.7,5.2,21.0,0.2,16.8,90.0,80.0,86.0,79.0,4.0,3.0,3.0,1.0,14385.39,Level 2,81.0,Thriving,Center School boasts high MCAS proficiency rates across grades 3 and 4.,Proficiency,None,K-8
Wolf Swamp Road,Wolf Swamp Road,Longmeadow,Public School,386,20.1,10.1,26.7,1.6,18.9,75.0,77.0,73.0,78.0,3.0,2.0,3.0,0.0,14385.39,Level 2,70.0,Thriving,Wolf Swamp Road boasts strong MCAS proficiency rates and low warning/fail rates.,Proficiency,Needs,K-8
Huckleberry Hill,Huckleberry Hil,Lynnfield,Public School,413,20.7,7.5,20.1,2.7,11.4,87.0,87.0,80.0,83.0,3.0,1.0,1.0,0.0,13899.53,Level 1,99.0,Thriving,Huckleberry Hill demonstrates exceptional academic performance with MCAS proficiency rates above 80%.,Proficiency,N/A,K-8
Summer Street,Summer Street,Lynnfield,Public School,421,20.8,3.8,17.8,1.2,12.6,91.0,86.0,85.0,84.0,1.0,1.0,0.0,2.0,13899.53,Level 1,99.0,Thriving,Summer Street excels in MCAS proficiency with minimal warning/fail rates.,Proficiency,Diversity,K-8
Essex Elementary,Essex Elem,Essex,Public School,225,20.1,13.8,22.7,2.2,8.4,77.0,81.0,72.0,70.0,6.0,2.0,6.0,5.0,15313.52,Level 2,74.0,Performing,Essex Elementary shows strong math proficiency rates with minimal warning rates.,Proficiency,English,K-8
Manchester Memorial Elementary,Manchester Memo,Manchester,Public School,361,19.1,5.0,14.4,0.0,10.0,91.0,87.0,77.0,89.0,4.0,3.0,5.0,1.0,15313.52,Level 2,92.0,Thriving,Manchester Memorial Elementary boasts high MCAS proficiency rates and low warning/fail rates.,Proficiency,None,K-8
Marblehead Community Charter Public School,Marblehead Comm,Marblehead,Charter School,230,19.5,3.0,28.7,4.8,21.3,,47.0,,78.0,,6.0,,4.0,,Level 2,84.0,Performing,The school exhibits strong English proficiency rates but moderate math proficiency.,English Skills,Math Proficiency,K-8
Daniel Webster,Daniel Webster,Marshfield,Public School,379,17.8,16.1,30.9,1.3,17.7,65.0,74.0,59.0,92.0,10.0,0.0,6.0,3.0,12709.0,Level 1,84.0,Thriving,Daniel Webster excels with high proficiency rates and very low warning/fail rates.,Proficiency,Disparity,K-8
Eames Way School,Eames Way Sch,Marshfield,Public School,254,20.8,9.1,20.9,0.0,14.6,85.0,65.0,69.0,79.0,3.0,0.0,3.0,4.0,12709.0,Level 2,91.0,Performing,Eames Way School demonstrates strong math proficiency in 3rd grade and solid outcomes overall.,Math Proficiency,4th Grade Math,K-8
Gov Edward Winslow,Gov Edward Wins,Marshfield,Public School,423,19.5,13.2,23.9,0.2,14.4,80.0,82.0,69.0,90.0,2.0,0.0,1.0,3.0,12709.0,Level 2,90.0,Thriving,"Gov Edward Winslow excels in math proficiency, showcasing strong student performance.",Proficiency,Equity,K-8
Martinson Elementary,Martinson Elem,Marshfield,Public School,442,19.3,13.6,29.6,4.5,17.9,78.0,80.0,70.0,80.0,5.0,5.0,4.0,3.0,12709.0,Level 2,88.0,Thriving,"Martinson Elementary showcases strong MCAS proficiency rates, particularly in math for 3rd and 4th grades.",Proficiency,None,K-8
South River,S River,Marshfield,Public School,361,19.8,7.5,21.6,0.3,16.1,92.0,57.0,76.0,59.0,0.0,2.0,0.0,2.0,12709.0,Level 2,79.0,Performing,South River excels in 3rd grade math proficiency but shows room for improvement in 4th grade outcomes.,Math,English,K-8
Burke/Memorial Elementary School,Burke/Memorial,Medway,Public School,501,21.0,9.4,21.4,0.8,13.2,87.0,70.0,75.0,73.0,1.0,4.0,1.0,5.0,13307.78,Level 2,82.0,Thriving,Burke/Memorial Elementary School shows strong MCAS proficiency rates in math and English.,Proficiency,None,K-8
Henry P Clough,Henry P Clough,Mendon,Public School,428,19.9,8.2,18.9,1.9,11.0,87.0,71.0,81.0,71.0,0.0,2.0,0.0,6.0,13742.48,Level 1,85.0,Thriving,Henry P Clough excels with high MCAS proficiency rates and minimal warning/fail rates.,Proficiency,None,K-8
Memorial School,Memorial Sch 2,Upton,Public School,437,20.3,9.6,23.1,2.7,14.0,88.0,82.0,74.0,80.0,6.0,3.0,4.0,3.0,13742.48,Level 1,90.0,Thriving,"Memorial School boasts high MCAS proficiency rates, especially in math.",Proficiency,None,K-8
Comprehensive Grammar School,Comprehensive G,Methuen,Public School,1115,21.2,26.3,45.0,15.0,15.3,70.0,44.0,49.0,55.0,16.0,12.0,12.0,22.0,12808.32,Level 2,63.0,Performing,The school shows solid performance in 3rd grade math but has room for improvement in other areas.,3rd grade math,4th grade performance,K-8
Donald P Timony Grammar,Donald P Timony,Methuen,Public School,1349,20.9,40.4,53.2,9.3,16.8,60.0,43.0,46.0,51.0,15.0,12.0,9.0,16.0,12808.32,Level 2,41.0,Performing,The school shows average proficiency rates with modest warning rates across grades.,Math proficiency,English proficiency,K-8
Marsh Grammar School,Marsh Grammar S,Methuen,Public School,1242,22.9,24.5,39.8,5.7,19.6,66.0,56.0,51.0,56.0,12.0,13.0,11.0,16.0,12808.32,Level 2,64.0,Performing,Marsh Grammar School demonstrates solid math proficiency but has room for improvement in English outcomes.,Math proficiency,English outcomes,K-8
Tenney Grammar School,Tenney Grammar,Methuen,Public School,1299,20.8,36.7,52.3,9.1,17.3,81.0,49.0,59.0,50.0,8.0,13.0,6.0,18.0,12808.32,Level 2,50.0,Performing,The school shows solid proficiency in 3rd grade math but struggles in 4th grade English and math.,3rd Grade Math,4th Grade Performance,K-8
Clyde F Brown,Clyde F Brown,Millis,Public School,504,18.8,9.3,20.0,1.0,11.9,87.0,71.0,62.0,63.0,1.0,3.0,1.0,4.0,13489.87,Level 2,73.0,Performing,The school shows good math proficiency but average English results for 3rd and 4th graders.,Math Proficiency,English Performance,K-8
Buckland-Shelburne Regional,Buckland-Shelbu,Shelburne Falls,Public School,259,30.2,35.1,46.3,0.0,20.1,61.0,21.0,48.0,32.0,6.0,32.0,6.0,16.0,17491.91,Level 2,42.0,Struggling,"The school shows significant gaps in 4th grade proficiency rates, especially in math and English.",3rd Grade Math,4th Grade Performance,K-8
Colrain Central,Colrain Central,Colrain,Public School,112,14.1,33.0,42.0,0.0,16.1,42.0,31.0,42.0,63.0,17.0,6.0,0.0,6.0,17491.91,Level 2,48.0,Performing,"Colrain Central shows average proficiency in English but lower performance in math, indicating areas for improvement.",English proficiency,Math performance,K-8
Sanderson Academy,Sanderson Acad,Ashfield,Public School,143,16.8,25.2,34.3,0.0,14.0,100.0,36.0,84.0,55.0,0.0,0.0,0.0,18.0,17491.91,Level 2,55.0,Performing,Sanderson Academy excels in 3rd grade math but has notable challenges in 4th grade performance.,3rd Grade Math,4th Grade Performance,K-8
Baldwinville Elementary,Baldwinville El,Baldwinville,Public School,277,22.6,26.0,35.0,0.0,14.8,75.0,33.0,48.0,49.0,4.0,8.0,4.0,13.0,12696.99,Level 3,13.0,Struggling,Baldwinville Elementary has notably low proficiency rates in 4th grade math at 33%.,3rd Grade Math,4th Grade Proficiency,K-8
Phillipston Memorial,Phillipston Mem,Phillipston,Public School,163,17.3,33.1,52.1,0.0,27.6,48.0,29.0,26.0,47.0,17.0,35.0,13.0,18.0,12696.99,Level 2,36.0,Struggling,The school has notably low MCAS proficiency rates in both 3rd and 4th grade English.,Engagement,Proficiency,K-8
Center School,Ctr Sch 3,Stow,Public School,609,21.0,5.1,20.2,2.6,14.0,91.0,86.0,78.0,88.0,3.0,2.0,4.0,0.0,14264.04,Level 1,86.0,Thriving,Center School demonstrates exceptional proficiency rates in math and English for 3rd and 4th graders.,Proficiency,None,K-8
Florence Sawyer School,Florence Sawyer,Bolton,Public School,774,20.8,5.2,18.7,0.9,14.0,91.0,83.0,77.0,84.0,2.0,0.0,1.0,0.0,14264.04,Level 2,88.0,Thriving,Florence Sawyer School boasts high MCAS proficiency rates and low warning/fail rates across all subjects.,Proficiency,N/A,K-8
Mary Rowlandson Elementary,Mary Rowlandson,Lancaster,Public School,485,20.4,19.0,34.2,1.9,20.0,79.0,61.0,61.0,73.0,4.0,3.0,4.0,2.0,14264.04,Level 2,79.0,Performing,"Mary Rowlandson Elementary demonstrates solid proficiency rates, especially in 3rd grade math.",Proficiency,Diversity,K-8
Broadmeadow,Broadmeadow,Needham,Public School,553,21.6,4.2,16.8,3.3,10.7,92.0,83.0,85.0,83.0,2.0,0.0,0.0,1.0,15900.29,Level 1,91.0,Thriving,Broadmeadow demonstrates strong MCAS proficiency rates with minimal warning/fail rates.,Proficiency,N/A,K-8
Hillside Elementary,Hillside Elem,Needham,Public School,472,21.4,4.9,22.7,5.3,11.9,88.0,80.0,74.0,80.0,5.0,1.0,4.0,0.0,15900.29,Level 1,81.0,Thriving,Hillside Elementary shows exceptional proficiency rates in math and English across all grades.,Proficiency,High Needs,K-8
John Eliot,John Eliot,Needham,Public School,392,20.0,9.4,31.6,7.9,16.1,94.0,71.0,76.0,81.0,0.0,3.0,0.0,3.0,15900.29,Level 1,84.0,Performing,"John Eliot excels in 3rd grade math proficiency, showcasing strong foundational skills.",Proficiency rates,4th grade math,K-8
Newman Elementary,Newman Elem,Needham,Public School,720,20.8,6.8,26.1,5.0,18.2,78.0,65.0,67.0,65.0,6.0,4.0,4.0,5.0,15900.29,Level 2,68.0,Performing,"Newman Elementary shows solid proficiency rates, particularly in 3rd grade math.",Proficiency,4th Grade English,K-8
William Mitchell,William Mitchel,Needham,Public School,495,20.6,2.0,13.7,1.6,8.7,90.0,81.0,77.0,80.0,0.0,3.0,0.0,7.0,15900.29,Level 2,87.0,Thriving,William Mitchell demonstrates exceptional proficiency rates in both math and English for its students.,Proficiency,Needs,K-8
Freeman-Kennedy School,Freeman-Kennedy,Norfolk,Public School,495,22.4,6.1,19.6,0.6,14.9,83.0,78.0,70.0,82.0,3.0,2.0,4.0,3.0,14898.0,Level 2,91.0,Thriving,Freeman-Kennedy School showcases high MCAS proficiency rates with low warning/fail metrics.,Proficiency,None,K-8
Annie L Sargent School,Annie L Sargent,North Andover,Public School,552,22.1,5.8,17.0,0.4,12.0,85.0,49.0,66.0,59.0,5.0,9.0,2.0,4.0,12054.9,Level 2,76.0,Performing,The school excels in 3rd grade math but shows improvement needs in 4th grade outcomes.,3rd grade math,4th grade performance,K-8
Atkinson,Atkinson,North Andover,Public School,549,21.3,24.6,43.4,5.3,19.5,69.0,62.0,53.0,65.0,7.0,5.0,4.0,10.0,12054.9,Level 2,49.0,Performing,Atkinson School demonstrates average proficiency rates with low warning/fail rates across key subjects.,Low warning/fail rates,Proficiency in English,K-8
Franklin,Franklin 2,North Andover,Public School,477,24.0,6.9,23.1,1.7,15.9,90.0,74.0,81.0,75.0,1.0,3.0,3.0,6.0,12054.9,Level 2,86.0,Performing,Franklin School demonstrates strong math proficiency in 3rd grade with low warning rates.,Math proficiency,4th grade outcomes,K-8
Kittredge,Kittredge 2,North Andover,Public School,296,24.8,9.5,20.9,1.7,13.5,72.0,74.0,70.0,78.0,9.0,6.0,2.0,4.0,12054.9,Level 1,89.0,Thriving,Kittredge School demonstrates strong MCAS proficiency rates and low warning/fail rates in multiple key areas.,Proficiency,None,K-8
Thomson,Thomson,North Andover,Public School,362,23.9,24.0,38.4,7.2,14.1,73.0,52.0,60.0,60.0,6.0,8.0,2.0,14.0,12054.9,Level 2,60.0,Performing,The school's math proficiency rates are notably strong in 3rd grade but lag in 4th grade.,Math,4th Grade,K-8
Amvet Boulevard,Amvet Boulevard,North Attleborough,Public School,395,19.1,10.1,22.8,6.6,9.1,78.0,66.0,72.0,66.0,4.0,4.0,4.0,5.0,11245.15,Level 1,89.0,Performing,"Amvet Boulevard shows solid proficiency rates, particularly in 3rd grade math.",Proficiency,4th Grade English,K-8
Community,Comm,North Attleborough,Public School,337,13.2,39.8,59.9,9.2,27.9,61.0,44.0,54.0,59.0,7.0,10.0,10.0,15.0,11245.15,Level 2,46.0,Performing,The school demonstrates average proficiency rates but faces challenges in 4th grade math outcomes.,Math,4th Grade,K-8
Falls,Falls,North Attleborough,Public School,282,15.0,16.7,27.0,2.1,12.8,80.0,68.0,66.0,66.0,7.0,7.0,7.0,9.0,11245.15,Level 1,91.0,Thriving,"Falls shows strong MCAS proficiency rates, particularly in 3rd grade math.",Proficiency,None,K-8
Joseph W Martin Jr Elementary,Joseph W Martin,North Attleborough,Public School,683,24.6,12.4,26.5,3.1,15.8,80.0,67.0,69.0,63.0,5.0,5.0,4.0,8.0,11245.15,Level 2,65.0,Performing,"The school exhibits solid proficiency rates, particularly in 3rd grade math.",Math proficiency,4th grade English,K-8
Roosevelt Avenue,Roosevelt Avenu,North Attleborough,Public School,312,21.2,10.9,23.4,4.2,10.6,94.0,71.0,69.0,59.0,0.0,2.0,6.0,10.0,11245.15,Level 1,83.0,Performing,"Roosevelt Avenue enjoys strong MCAS proficiency rates, particularly in 3rd grade math.",Math proficiency,4th grade English,K-8
Ashby Elementary,Ashby Elem,Ashby,Public School,216,18.9,25.0,42.1,0.0,27.8,82.0,69.0,36.0,66.0,9.0,0.0,6.0,6.0,13761.7,Level 2,52.0,Performing,Ashby Elementary shows strong math proficiency but lower English performance needs attention.,Math Proficiency,English Proficiency,K-8
Spaulding Memorial,Spaulding Memor,Townsend,Public School,427,21.0,22.5,36.1,3.5,15.5,74.0,46.0,58.0,63.0,6.0,6.0,2.0,8.0,13761.7,Level 2,43.0,Performing,Spaulding Memorial shows solid 3rd grade math proficiency but struggles with 4th grade math outcomes.,Proficiency,4th Grade Math,K-8
Varnum Brook,Varnum Brook,Pepperell,Public School,563,21.8,19.4,34.6,0.0,20.1,73.0,63.0,72.0,66.0,5.0,3.0,5.0,6.0,13761.7,Level 2,59.0,Performing,Varnum Brook demonstrates solid proficiency rates with minimal warning rates across all tested areas.,Proficiency,High Needs,K-8
Bridge Street,Bridge Street,Northampton,Public School,266,17.1,33.8,54.9,12.0,25.9,65.0,34.0,47.0,34.0,9.0,19.0,0.0,16.0,14056.81,Level 3,20.0,Struggling,4th grade proficiency rates in math and English raise significant concerns.,3rd Grade Math,4th Grade Performance,K-8
Jackson Street,Jackson Street,Northampton,Public School,330,18.9,27.3,38.8,8.5,13.3,62.0,67.0,55.0,56.0,12.0,0.0,0.0,8.0,14056.81,Level 2,60.0,Performing,Jackson Street showcases solid proficiency rates in math and English with manageable warning rates.,Proficiency,Demographics,K-8
Leeds,Leeds,Leeds,Public School,339,19.5,23.9,32.7,2.9,16.2,62.0,54.0,55.0,62.0,15.0,8.0,9.0,10.0,14056.81,Level 2,48.0,Performing,Leeds School shows solid proficiency rates in 3rd and 4th grade math and English.,Proficiency,High Needs,K-8
R. K. Finn Ryan Road,R. K. Finn Ryan,Florence,Public School,228,19.7,37.7,46.5,4.8,19.7,81.0,37.0,79.0,53.0,7.0,18.0,2.0,13.0,14056.81,Level 2,27.0,Struggling,"The school's 4th-grade math proficiency is notably low at 37%, indicating significant room for improvement.",3rd Grade Performance,4th Grade Proficiency,K-8
Fannie E Proctor,Fannie E Procto,Northborough,Public School,239,17.6,18.0,33.5,5.4,15.5,74.0,60.0,58.0,64.0,4.0,12.0,4.0,14.0,14848.5,Level 2,58.0,Performing,"Fannie E Proctor shows solid proficiency rates, particularly in 3rd grade math.",Math proficiency,4th grade English,K-8
Lincoln Street,Lincoln Street,Northborough,Public School,261,17.6,12.3,29.1,8.8,15.3,88.0,58.0,78.0,73.0,2.0,2.0,2.0,5.0,14848.5,Level 2,71.0,Performing,The school excels in 3rd grade math proficiency but shows room for improvement in 4th grade outcomes.,3rd Grade Math,4th Grade Performance,K-8
Marguerite E Peaslee,Marguerite E Pe,Northborough,Public School,269,20.4,8.2,28.6,7.4,17.5,84.0,57.0,71.0,64.0,13.0,0.0,4.0,7.0,14848.5,Level 2,70.0,Performing,The school shows solid proficiency in 3rd-grade math but has room for improvement in 4th grade.,Math,4th Grade,K-8
Marion E Zeh,Marion E Zeh,Northborough,Public School,303,17.6,6.3,29.7,5.9,20.5,59.0,79.0,68.0,83.0,15.0,2.0,9.0,2.0,14848.5,Level 2,70.0,Performing,Marion E Zeh demonstrates solid proficiency rates in both math and English for 3rd and 4th grades.,Proficiency,High Needs,K-8
W Edward Balmer,W Edward Balmer,Whitinsville,Public School,527,23.5,33.8,44.4,3.0,17.1,65.0,48.0,52.0,49.0,16.0,13.0,8.0,22.0,12437.24,Level 3,13.0,Struggling,"The school shows significant challenges in 4th grade proficiency rates, especially in English.",3rd Grade Math,4th Grade English,K-8
Henri A. Yelle,Henri A. Yelle,Norton,Public School,373,22.9,17.2,31.1,2.1,19.3,,48.0,,61.0,,8.0,,10.0,13218.59,Level 2,59.0,Performing,Henri A. Yelle demonstrates solid proficiency rates in 4th grade English and math.,Proficiency,High Needs,K-8
Orleans Elementary,Orleans Elem,Orleans,Public School,215,16.4,21.9,32.6,3.3,16.3,85.0,81.0,76.0,81.0,0.0,0.0,3.0,0.0,20785.05,Level 2,89.0,Thriving,Orleans Elementary boasts impressive MCAS proficiency rates and minimal warning/fail rates across all grades and subjects.,Proficiency,N/A,K-8
Clara Barton,Clara Barton,Oxford,Public School,417,26.2,34.1,40.0,0.0,11.5,66.0,46.0,56.0,51.0,16.0,10.0,7.0,10.0,13125.98,Level 2,23.0,Performing,"Clara Barton shows average MCAS proficiency rates, particularly in 4th grade math and English.",3rd grade math proficiency,4th grade performance,K-8
Old Mill Pond,Old Mill Pond,Palmer,Public School,693,15.7,43.9,52.7,2.9,17.3,70.0,50.0,64.0,58.0,13.0,16.0,9.0,11.0,14119.7,Level 2,22.0,Performing,Strong 3rd grade math proficiency but lower outcomes in 4th grade math and English.,Math,English,K-8
Captain Samuel Brown,Captain Samuel,Peabody,Public School,369,16.4,29.3,49.6,4.6,30.6,68.0,35.0,48.0,42.0,14.0,22.0,13.0,22.0,13495.79,Level 2,32.0,Struggling,"The school shows significant disparities in 4th grade proficiency rates, particularly in math and English.",3rd Grade Performance,4th Grade Outcomes,K-8
Center,Ctr 4,Peabody,Public School,386,20.2,30.8,45.1,7.0,14.8,56.0,60.0,56.0,71.0,17.0,3.0,7.0,5.0,13495.79,Level 2,29.0,Performing,The school exhibits average MCAS proficiency rates with minimal warning/fail rates.,Proficiency,Disadvantage,K-8
John E Burke,John E Burke,Peabody,Public School,275,18.0,15.3,27.3,0.0,14.9,90.0,61.0,70.0,65.0,0.0,7.0,0.0,7.0,13495.79,Level 2,54.0,Performing,The school excels in 3rd grade math proficiency with a 90% positive outcome rate.,Math proficiency,4th grade outcomes,K-8
John E. McCarthy,John E. McCarth,Peabody,Public School,353,19.6,29.2,49.9,4.2,29.5,88.0,62.0,56.0,68.0,3.0,3.0,3.0,3.0,13495.79,Level 2,66.0,Performing,The school shows strong math proficiency in 3rd grade but has room for improvement in English skills.,Math,English,K-8
South Memorial,S Memorial,Peabody,Public School,465,20.9,24.3,33.3,3.9,9.2,84.0,45.0,67.0,72.0,4.0,5.0,2.0,2.0,13495.79,Level 2,41.0,Performing,"3rd grade math scores are strong, but 4th grade math shows significant room for improvement.",3rd Grade Math,4th Grade Math,K-8
Thomas Carroll,Thomas Carroll,Peabody,Public School,619,21.3,44.6,59.0,13.9,12.3,61.0,36.0,61.0,59.0,15.0,19.0,6.0,18.0,13495.79,Level 2,28.0,Struggling,The school's 4th grade math proficiency is notably low at 36%.,3rd Grade Proficiency,4th Grade Math,K-8
West Memorial,W Memorial,Peabody,Public School,238,16.6,16.0,27.7,0.4,13.4,77.0,71.0,60.0,82.0,3.0,4.0,0.0,4.0,13495.79,Level 1,44.0,Performing,"West Memorial demonstrates solid MCAS proficiency rates, especially in 4th grade English.",Proficiency,English,K-8
William A Welch Sr,William A Welch,Peabody,Public School,372,20.7,54.6,68.5,21.8,14.8,52.0,30.0,35.0,43.0,13.0,9.0,0.0,15.0,13495.79,Level 2,31.0,Struggling,"The school faces challenges in both math and English proficiency, particularly in 4th grade results.",Engagement,Proficiency,K-8
Pioneer Valley Chinese Immersion Charter School,Pioneer Valle 2,Hadley,Charter School,471,16.9,15.5,22.7,2.5,5.9,70.0,61.0,57.0,76.0,2.0,3.0,9.0,5.0,,Level 1,98.0,Thriving,"The school boasts exceptional MCAS proficiency rates, particularly in 3rd grade math and 4th grade English.",Proficiency,None,K-8
Hardwick Elementary,Hardwick Elem,Gilbertville,Public School,194,19.2,41.8,50.0,0.0,17.0,62.0,54.0,50.0,54.0,21.0,8.0,12.0,8.0,13957.09,Level 2,35.0,Performing,Hardwick Elementary demonstrates average MCAS proficiency rates and a significant percentage of economically disadvantaged students.,Proficiency,Disadvantage,K-8
Hubbardston Center,Hubbardston Ctr,Hubbardston,Public School,316,22.2,19.0,32.9,0.3,19.3,64.0,61.0,57.0,50.0,10.0,4.0,12.0,7.0,13957.09,Level 2,63.0,Performing,Hubbardston Center demonstrates solid proficiency rates with manageable warning rates.,Proficiency,English,K-8
Oakham Center,Oakham Ctr,Oakham,Public School,149,20.6,21.5,30.2,0.0,20.1,61.0,37.0,54.0,70.0,11.0,11.0,21.0,22.0,13957.09,Level 2,65.0,Performing,Oakham Center shows strong performance in 3rd grade math but has room for improvement in 4th grade math.,3rd grade math proficiency,4th grade math outcomes,K-8
Ruggles Lane,Ruggles Lane,Barre,Public School,368,24.5,31.5,43.2,1.1,20.4,66.0,64.0,36.0,71.0,9.0,2.0,7.0,5.0,13957.09,Level 2,41.0,Performing,Ruggles Lane shows strong math outcomes but struggles in 3rd grade English proficiency.,Math proficiency,English proficiency,K-8
Atherton Hough,Atherton Hough,Quincy,Public School,268,14.0,28.0,47.4,10.1,27.6,74.0,43.0,62.0,57.0,15.0,19.0,3.0,15.0,16022.62,Level 2,36.0,Performing,The school shows strong 3rd-grade math proficiency but lower performance in 4th-grade subjects.,Math,4th Grade,K-8
Beechwood Knoll Elementary,Beechwood Knoll,Quincy,Public School,350,18.1,30.0,47.1,16.9,7.7,66.0,63.0,49.0,65.0,3.0,0.0,14.0,3.0,16022.62,Level 2,77.0,Performing,Beechwood Knoll demonstrates solid math proficiency while facing challenges in English language outcomes.,Math proficiency,English outcomes,K-8
Charles A Bernazzani Elementary,Charles A Berna,Quincy,Public School,342,17.9,22.8,45.3,14.3,13.7,76.0,78.0,66.0,71.0,8.0,2.0,0.0,5.0,16022.62,Level 2,64.0,Performing,Students demonstrate solid proficiency in math and English with low warning rates.,Proficiency,Demographics,K-8
Clifford H Marshall Elementary,Clifford H Mars,Quincy,Public School,575,16.5,44.2,66.8,18.6,10.8,61.0,50.0,54.0,59.0,16.0,8.0,9.0,12.0,16022.62,Level 2,26.0,Performing,Clifford H Marshall Elementary shows solid proficiency rates despite a high percentage of economically disadvantaged students.,Proficiency,Economic Disadvantage,K-8
Francis W Parker,Francis W Parke,Quincy,Public School,323,16.3,49.5,82.0,46.1,11.5,83.0,37.0,54.0,48.0,4.0,24.0,6.0,28.0,16022.62,Level 1,43.0,Struggling,The school displays strong 3rd grade math proficiency but notable declines in 4th grade math and English.,3rd grade math,4th grade performance,K-8
Lincoln-Hancock Community School,Lincoln-Hancock,Quincy,Public School,508,18.4,46.7,67.7,30.5,7.5,66.0,45.0,47.0,58.0,8.0,5.0,6.0,10.0,16022.62,Level 3,20.0,Struggling,The school's 4th grade math proficiency rate is notably low at 45%.,Class size,Proficiency rates,K-8
Merrymount,Merrymount,Quincy,Public School,350,18.6,24.9,49.7,17.4,14.0,82.0,62.0,77.0,70.0,2.0,0.0,0.0,3.0,16022.62,Level 1,90.0,Thriving,Merrymount shows strong MCAS proficiency rates and minimal warning/fail rates.,Proficiency,None,K-8
Montclair,Montclair,Quincy,Public School,429,18.1,34.0,66.4,36.4,6.8,84.0,70.0,60.0,58.0,7.0,3.0,5.0,13.0,16022.62,Level 1,53.0,Performing,"Montclair's math proficiency rates are strong, but English outcomes lag behind.",Math proficiency,English proficiency,K-8
Snug Harbor Community School,Snug Harbor Com,Quincy,Public School,428,11.4,57.2,80.6,19.9,35.5,72.0,52.0,50.0,39.0,20.0,15.0,17.0,15.0,16022.62,Level 2,27.0,Struggling,The school faces challenges with low English proficiency rates despite reasonable math performance.,Math proficiency,English proficiency,K-8
Squantum,Squantum,Quincy,Public School,338,14.8,24.0,45.3,12.1,19.8,71.0,44.0,65.0,65.0,0.0,2.0,4.0,5.0,16022.62,Level 2,59.0,Performing,Squantum performs well in 3rd-grade math but struggles with 4th-grade math proficiency.,Math Proficiency,4th Grade Performance,K-8
Wollaston School,Wollaston Sch,Quincy,Public School,338,17.6,35.8,62.7,35.5,6.2,69.0,85.0,50.0,89.0,6.0,0.0,6.0,0.0,16022.62,Level 2,70.0,Performing,Wollaston School demonstrates strong math proficiency but struggles with 3rd grade English outcomes.,Math,English,K-8
Elizabeth G Lyons Elementary,Elizabeth G Lyo,Randolph,Public School,296,20.2,43.2,63.2,14.9,18.2,68.0,37.0,42.0,44.0,14.0,12.0,8.0,15.0,16051.0,Level 2,24.0,Struggling,"The school shows significant discrepancies in 4th grade proficiency rates, particularly in math.",3rd Grade Math,4th Grade Performance,K-8
J F Kennedy Elementary,J F Kennedy Ele,Randolph,Public School,484,16.7,52.5,75.0,9.5,37.2,47.0,30.0,30.0,36.0,20.0,38.0,21.0,32.0,16051.0,Level 3,13.0,Struggling,"The school exhibits low MCAS proficiency rates, especially in 4th grade math and 3rd grade English.",Community,Proficiency,K-8
Margaret L Donovan,Margaret L Dono,Randolph,Public School,434,22.8,39.2,59.4,12.4,12.7,58.0,46.0,52.0,56.0,13.0,14.0,4.0,11.0,16051.0,Level 3,20.0,Struggling,"The school has low proficiency rates in 4th grade math, indicating a need for targeted support.",Student support,Math proficiency,K-8
Martin E Young Elementary,Martin E Young,Randolph,Public School,320,17.2,45.3,67.2,25.6,19.1,52.0,18.0,38.0,43.0,14.0,23.0,20.0,18.0,16051.0,Level 3,6.0,Struggling,"The school has low proficiency rates, particularly in 4th grade math with only 18% meeting expectations.",Enrollment,Proficiency,K-8
River Valley Charter School,River Valley CS,Newburyport,Charter School,288,15.4,6.3,17.7,0.0,12.2,45.0,22.0,61.0,65.0,18.0,22.0,12.0,0.0,,Level 1,82.0,Performing,The school has high English proficiency rates but struggles with 4th grade math outcomes.,English proficiency,Math performance,K-8
Oak Ridge,Oak Ridge,East Sandwich,Public School,903,19.5,16.8,30.1,0.7,17.1,70.0,53.0,49.0,51.0,8.0,8.0,9.0,9.0,15012.47,Level 2,60.0,Performing,Oak Ridge shows solid math performance but needs improvement in English language proficiency.,Math,English,K-8
Douglas Waybright,Douglas Waybrig,Saugus,Public School,206,17.3,30.1,41.3,5.8,7.3,76.0,65.0,68.0,70.0,2.0,8.0,2.0,5.0,14165.89,Level 1,63.0,Thriving,Douglas Waybright showcases strong MCAS proficiency rates and low warning/fail rates across key subjects.,Proficiency,Diversity,K-8
Lynnhurst,Lynnhurst,Saugus,Public School,235,18.4,21.7,43.8,6.0,17.4,79.0,44.0,63.0,62.0,2.0,3.0,2.0,6.0,14165.89,Level 2,34.0,Performing,Lynnhurst demonstrates strong 3rd grade math proficiency but shows variable performance in 4th grade subjects.,3rd Grade Math,4th Grade Performance,K-8
Oaklandvale,Oaklandvale,Saugus,Public School,214,19.5,40.7,54.2,10.3,13.1,82.0,49.0,68.0,64.0,3.0,10.0,3.0,10.0,14165.89,Level 2,28.0,Performing,"3rd grade math scores are strong, but 4th grade performance shows a significant drop.",Math,4th Grade,K-8
Veterans Memorial,Veterans Memo 2,Saugus,Public School,508,18.2,26.8,42.7,5.5,17.1,64.0,35.0,49.0,53.0,10.0,13.0,7.0,17.0,14165.89,Level 2,29.0,Struggling,"4th grade math proficiency is notably low at 35%, indicating a critical area for improvement.",Engagement,Math Proficiency,K-8
Pine Hill,Pine Hill,Sherborn,Public School,429,20.3,4.0,18.4,1.6,14.2,91.0,84.0,72.0,86.0,3.0,0.0,0.0,0.0,19533.71,Level 1,96.0,Thriving,Pine Hill excels with high proficiency rates and low warning/fail rates across all metrics.,Proficiency,None,K-8
Albert F. Argenziano School at Lincoln Park,Albert F. Argen,Somerville,Public School,564,20.2,32.6,55.7,26.6,14.9,57.0,45.0,46.0,45.0,28.0,25.0,28.0,27.0,18165.45,Level 2,57.0,Performing,The school demonstrates average proficiency in crucial subjects but faces challenges in student performance.,Diversity,Proficiency,K-8
Arthur D Healey,Arthur D Healey,Somerville,Public School,428,16.1,53.5,72.2,21.5,24.3,38.0,54.0,30.0,48.0,36.0,24.0,26.0,24.0,18165.45,Level 3,56.0,Struggling,Low proficiency rates in both subjects indicate a need for significant improvement.,Engagement,Proficiency,K-8
Benjamin G Brown,Benjamin G Brow,Somerville,Public School,236,18.5,13.1,20.8,1.7,8.5,83.0,92.0,86.0,95.0,0.0,0.0,2.0,0.0,18165.45,Level 1,93.0,Thriving,Benjamin G Brown demonstrates exceptional MCAS proficiency rates with no warning/fail rates.,Proficiency,None,K-8
E Somerville Community,E Somerville Co,Somerville,Public School,725,20.0,46.1,68.0,28.6,17.0,64.0,29.0,43.0,29.0,13.0,30.0,11.0,34.0,18165.45,Level 2,45.0,Struggling,"The school has significant challenges in 4th grade proficiency, especially in English.",3rd grade Math,4th grade performance,K-8
John F Kennedy,John F Kenned 8,Somerville,Public School,471,18.2,29.3,43.9,1.9,28.9,80.0,68.0,73.0,65.0,12.0,14.0,12.0,21.0,18165.45,Level 2,78.0,Performing,"The school demonstrates solid proficiency rates in math and English, especially in 3rd grade.",Proficiency,4th Grade,K-8
West Somerville Neighborhood,W Somerville Ne,Somerville,Public School,377,19.9,36.3,48.8,4.5,17.5,57.0,35.0,39.0,43.0,11.0,6.0,13.0,7.0,18165.45,Level 2,72.0,Performing,"The school has moderate proficiency rates, particularly struggling in 4th grade math.",Engagement,Math proficiency,K-8
Winter Hill Community,Winter Hill Com,Somerville,Public School,462,17.8,49.6,77.3,29.7,29.4,58.0,42.0,45.0,30.0,30.0,15.0,23.0,33.0,18165.45,Level 2,42.0,Struggling,The school shows low proficiency rates in both math and English across multiple grade levels.,Enrollment,Proficiency,K-8
William E Norris,William E Norri,Southampton,Public School,520,18.6,15.6,31.0,2.1,19.8,74.0,39.0,62.0,51.0,10.0,10.0,6.0,12.0,10744.62,Level 2,48.0,Performing,"Strong 3rd grade math proficiency, but 4th grade scores indicate room for improvement.",Math,4th Grade English,K-8
Margaret A Neary,Margaret A Near,Southborough,Public School,298,23.1,4.7,24.8,6.0,13.1,,78.0,,77.0,,4.0,,5.0,17060.39,Level 1,82.0,Thriving,The school demonstrates high MCAS proficiency rates in both math and English for 4th graders.,Proficiency,High Needs,K-8
Granville Village School,Granville Villa,Granville,Public School,82,13.1,24.4,39.0,0.0,23.2,55.0,64.0,82.0,45.0,0.0,0.0,18.0,9.0,13377.33,Level 2,40.0,Performing,The school's strong 3rd grade English proficiency contrasts with low 4th grade performance.,English proficiency,4th grade outcomes,K-8
Powder Mill School,Powder Mill Sch,Southwick,Public School,392,18.0,27.6,43.1,4.1,23.0,65.0,56.0,61.0,74.0,7.0,6.0,6.0,2.0,13377.33,Level 2,34.0,Performing,"Powder Mill School shows solid proficiency rates, particularly in 4th grade English.",Proficiency,Demographics,K-8
East Brookfield Elementary,E Brookfield El,East Brookfield,Public School,212,21.1,26.4,46.2,0.5,31.1,77.0,38.0,68.0,50.0,14.0,19.0,14.0,23.0,12730.89,Level 3,28.0,Struggling,"4th grade proficiency rates in math and English are notably low, indicating significant academic challenges.",3rd grade math,4th grade outcomes,K-8
Wire Village School,Wire Village Sc,Spencer,Public School,430,21.6,35.6,48.8,2.6,20.7,62.0,39.0,47.0,42.0,16.0,13.0,11.0,22.0,12730.89,Level 3,18.0,Struggling,Wire Village School shows low proficiency rates in 4th grade English and Math.,Enrollment,Proficiency,K-8
Sunderland Elementary,Sunderland Elem,Sunderland,Public School,257,15.5,30.0,47.5,6.2,17.5,57.0,66.0,48.0,72.0,19.0,3.0,14.0,7.0,13264.64,Level 2,73.0,Performing,Sunderland Elementary has solid math outcomes but needs improvement in English proficiency rates.,Math proficiency,English proficiency,K-8
Whitin Elementary School,Whitin Elem,Uxbridge,Public School,411,22.9,21.2,31.4,1.5,12.4,64.0,49.0,53.0,46.0,8.0,9.0,4.0,12.0,12755.44,Level 2,36.0,Performing,"Whitin Elementary shows average proficiency rates with some strengths in math, but English outcomes need improvement.",Math proficiency,English outcomes,K-8
Davis Hill Elementary,Davis Hill Elem,Holden,Public School,456,20.7,11.4,22.1,1.8,10.7,90.0,74.0,81.0,73.0,2.0,6.0,2.0,3.0,11537.24,Level 2,78.0,Thriving,"Davis Hill Elementary demonstrates strong MCAS proficiency rates, especially in 3rd grade math.",Proficiency,None,K-8
Dawson,Dawson,Holden,Public School,507,18.3,10.1,27.0,6.3,11.6,93.0,78.0,88.0,73.0,1.0,4.0,1.0,2.0,11537.24,Level 1,84.0,Thriving,Dawson shows exceptional MCAS proficiency rates across multiple grades and subjects.,Proficiency,None,K-8
Glenwood Elementary School,Glenwood Elem,Rutland,Public School,360,22.6,13.6,28.6,2.5,16.4,80.0,67.0,69.0,67.0,7.0,7.0,7.0,10.0,11537.24,Level 2,77.0,Performing,"Glenwood Elementary demonstrates solid proficiency rates, especially in 3rd grade math.",Proficiency,4th Grade English,K-8
Houghton Elementary,Houghton Elem,Sterling,Public School,392,17.1,10.7,21.7,0.5,13.8,83.0,71.0,69.0,88.0,5.0,1.0,5.0,1.0,11537.24,Level 1,91.0,Thriving,"Houghton Elementary demonstrates strong MCAS proficiency rates, especially in 4th grade English.",Proficiency,Disabilities,K-8
Leroy E.Mayo,Leroy E.Mayo,Holden,Public School,492,19.4,10.4,24.6,4.1,12.2,75.0,58.0,59.0,65.0,2.0,4.0,1.0,2.0,11537.24,Level 2,85.0,Performing,Leroy E. Mayo has solid proficiency rates in 3rd grade math and low warning rates.,Proficiency,4th Grade Math,K-8
Paxton Center,Paxton Ctr,Paxton,Public School,495,18.5,12.7,28.1,3.2,14.7,91.0,54.0,72.0,69.0,4.0,2.0,4.0,3.0,11537.24,Level 2,75.0,Performing,The school shows strong proficiency in 3rd grade math but struggles in 4th grade outcomes.,3rd grade math,4th grade performance,K-8
Thomas Prince,Thomas Prince,Princeton,Public School,395,17.7,5.6,17.5,0.0,14.2,86.0,79.0,70.0,90.0,0.0,5.0,5.0,0.0,11537.24,Level 1,97.0,Thriving,Thomas Prince School shows excellent MCAS proficiency rates and minimal warning/fail rates.,Proficiency,None,K-8
Minot Forest,Minot Forest,Wareham,Public School,507,16.3,57.4,67.5,0.8,31.0,48.0,38.0,40.0,43.0,29.0,17.0,21.0,22.0,14566.67,Level 2,21.0,Struggling,"Minot Forest has significant challenges with low MCAS proficiency rates, especially in math.",Class Size,Proficiency Rates,K-8
Ernest F Upham,Ernest F Upham,Wellesley,Public School,222,20.4,2.7,23.9,0.9,21.2,97.0,72.0,82.0,79.0,3.0,5.0,5.0,3.0,18185.37,Level 1,78.0,Performing,Ernest F Upham boasts high 3rd grade math proficiency and low warning rates.,Proficiency,4th grade math,K-8
Hunnewell,Hunnewell,Wellesley,Public School,251,20.9,2.4,14.3,1.2,12.0,81.0,84.0,79.0,89.0,7.0,2.0,2.0,2.0,18185.37,Level 1,92.0,Thriving,Hunnewell consistently achieves high MCAS proficiency rates in both math and English.,Proficiency,None,K-8
John D Hardy,John D Hardy,Wellesley,Public School,308,18.3,4.5,21.1,6.2,11.0,87.0,84.0,87.0,84.0,2.0,4.0,2.0,2.0,18185.37,Level 1,90.0,Thriving,John D Hardy boasts impressive MCAS proficiency rates and low warning/fail rates.,Proficiency,None,K-8
Joseph E Fiske,Joseph E Fiske,Wellesley,Public School,441,19.0,10.2,27.9,7.7,13.4,95.0,72.0,92.0,74.0,3.0,5.0,2.0,2.0,18185.37,Level 1,90.0,Performing,"The school demonstrates strong proficiency rates, particularly in 3rd grade math and English.",Proficiency,4th grade,K-8
Katharine Lee Bates,Katharine Lee B,Wellesley,Public School,379,21.9,1.8,12.4,0.3,10.0,81.0,78.0,81.0,83.0,1.0,0.0,1.0,0.0,18185.37,Level 1,92.0,Thriving,Katharine Lee Bates exhibits exceptional proficiency rates in both math and English for 3rd and 4th grades.,Proficiency,None,K-8
Schofield,Schofield,Wellesley,Public School,368,20.7,8.2,18.5,1.4,11.4,91.0,86.0,82.0,89.0,3.0,2.0,2.0,3.0,18185.37,Level 1,90.0,Thriving,"Schofield School boasts exceptional MCAS proficiency rates, particularly in 3rd grade math.",Proficiency,N/A,K-8
Sprague Elementary School,Sprague Elem,Wellesley,Public School,392,21.0,4.6,20.9,3.6,13.3,84.0,83.0,75.0,82.0,4.0,4.0,1.0,2.0,18185.37,Level 2,94.0,Thriving,Sprague Elementary School showcases exceptional MCAS proficiency rates with low warning/fail rates.,Proficiency,None,K-8
Abner Gibbs,Abner Gibbs,Westfield,Public School,218,18.4,47.2,52.8,1.4,11.0,67.0,30.0,64.0,37.0,10.0,10.0,0.0,10.0,13622.87,Level 2,22.0,Struggling,"The school has low proficiency rates in 4th grade, particularly in math and English.",3rd grade performance,4th grade outcomes,K-8
Franklin Ave,Franklin Ave,Westfield,Public School,251,20.4,64.1,68.5,0.8,13.1,70.0,41.0,33.0,54.0,6.0,13.0,9.0,8.0,13622.87,Level 1,21.0,Struggling,"The school exhibits low English proficiency rates, especially in 3rd grade.",Math proficiency,English proficiency,K-8
Highland,Highland,Westfield,Public School,396,17.8,62.1,75.5,37.6,11.4,75.0,60.0,34.0,52.0,12.0,12.0,7.0,17.0,13622.87,Level 2,23.0,Struggling,Highland struggles notably in English proficiency despite moderate success in math.,Math,English,K-8
Munger Hill,Munger Hill,Westfield,Public School,394,19.9,19.0,30.5,0.3,18.0,71.0,50.0,61.0,56.0,10.0,16.0,8.0,19.0,13622.87,Level 3,44.0,Performing,Munger Hill shows solid math proficiency at 3rd grade but struggles in 4th grade outcomes.,3rd Grade Math,4th Grade Performance,K-8
Paper Mill,Paper Mill,Westfield,Public School,433,18.7,43.4,49.9,1.2,13.4,67.0,55.0,49.0,53.0,14.0,11.0,4.0,5.0,13622.87,Level 2,39.0,Performing,The school shows balanced outcomes with a notable strength in 3rd grade math proficiency.,3rd Grade Math,4th Grade English,K-8
Russell Elementary School,Russell Elem,Russell,Public School,184,18.2,23.4,35.9,0.0,14.7,67.0,56.0,58.0,56.0,6.0,4.0,3.0,4.0,13622.87,Level 2,30.0,Performing,"Russell Elementary shows solid proficiency rates, particularly in 3rd grade math.",Math proficiency,4th grade performance,K-8
Southampton Road,Southampton Roa,Westfield,Public School,453,18.6,37.7,45.7,2.2,16.1,76.0,58.0,55.0,56.0,6.0,5.0,4.0,12.0,13622.87,Level 2,50.0,Performing,"3rd grade math proficiency is notably strong at 76%, indicating solid foundational skills.",Math Proficiency,4th Grade English,K-8
Westhampton Elementary School,Westhampton Ele,Westhampton,Public School,130,17.9,12.3,30.8,0.8,20.8,76.0,53.0,94.0,80.0,6.0,0.0,0.0,7.0,14509.29,Level 1,80.0,Performing,Westhampton Elementary School demonstrates strong English language proficiency yet mixed math proficiency results.,English proficiency,Math performance,K-8
Whately Elementary,Whately Elem,Whately,Public School,129,13.4,24.0,35.7,0.0,16.3,83.0,65.0,61.0,58.0,6.0,5.0,0.0,0.0,16711.63,Level 2,51.0,Performing,"Whately Elementary maintains solid MCAS proficiency rates, especially in 3rd grade math.",Math proficiency,English performance,K-8
Anne T. Dunphy School,Anne T. Dunphy,Williamsburg,Public School,158,17.8,17.1,29.1,1.3,15.2,37.0,37.0,42.0,48.0,21.0,19.0,16.0,15.0,14132.36,Level 2,62.0,Performing,"The school has average proficiency rates, indicating stability with room for improvement.",Stability,Proficiency,K-8
North Intermediate,N Intermediate,Wilmington,Public School,270,18.6,10.7,25.9,0.7,16.3,,76.0,,72.0,,1.0,,7.0,15501.99,Level 1,74.0,Thriving,North Intermediate demonstrates excellent MCAS proficiency rates with minimal warning/fail rates.,Proficiency,None,K-8
West Intermediate,W Intermediate,Wilmington,Public School,254,19.8,11.4,31.5,0.8,22.8,,67.0,,67.0,,11.0,,11.0,15501.99,Level 2,73.0,Performing,West Intermediate demonstrates solid proficiency rates in math and English for 4th graders.,Proficiency,High Needs,K-8
Ambrose Elementary,Ambrose Elem,Winchester,Public School,440,20.9,1.1,19.3,3.0,15.0,88.0,94.0,83.0,94.0,1.0,1.0,1.0,0.0,12800.52,Level 1,96.0,Thriving,Ambrose Elementary excels in MCAS proficiency with minimal warning/fail rates across subjects.,Proficiency,High Needs,K-8
Lincoln Elementary,Lincoln Elem,Winchester,Public School,410,18.0,1.7,16.3,2.2,12.4,94.0,92.0,80.0,86.0,0.0,1.0,2.0,1.0,12800.52,Level 1,98.0,Thriving,Lincoln Elementary boasts exceptional proficiency rates and minimal warning rates across grades.,Proficiency,None,K-8
Lynch Elementary,Lynch Elem,Winchester,Public School,546,18.1,9.3,35.3,12.1,15.8,91.0,89.0,81.0,83.0,1.0,0.0,1.0,3.0,12800.52,Level 1,93.0,Thriving,"Lynch Elementary demonstrates excellent MCAS proficiency rates, particularly in math with over 90% student proficiency.",High proficiency rates,Diverse needs,K-8
Muraco Elementary,Muraco Elem,Winchester,Public School,404,19.2,5.4,22.0,4.7,13.1,89.0,83.0,76.0,88.0,1.0,1.0,1.0,1.0,12800.52,Level 1,97.0,Thriving,Muraco Elementary boasts high MCAS proficiency rates and minimal warning/fail rates.,Proficiency,Diversity,K-8
Vinson-Owen Elementary,Vinson-Owen Ele,Winchester,Public School,422,21.3,2.8,24.4,5.9,12.8,90.0,93.0,83.0,84.0,0.0,1.0,1.0,1.0,12800.52,Level 1,99.0,Thriving,Vinson-Owen Elementary boasts exceptional proficiency rates and minimal warning/fail rates across all grades.,Proficiency,High Needs,K-8
Burncoat Street,Burncoat Street,Worcester,Public School,259,13.4,70.3,88.8,35.1,18.9,46.0,26.0,29.0,35.0,21.0,13.0,29.0,26.0,13901.25,Level 3,15.0,Struggling,Burncoat Street shows low MCAS proficiency rates and high percentages of economically disadvantaged and high needs students.,Engagement,Proficiency,K-8
Canterbury,Canterbury,Worcester,Public School,376,14.8,72.3,94.1,49.2,17.8,24.0,16.0,12.0,24.0,46.0,27.0,29.0,40.0,13901.25,Level 2,25.0,At Risk,"Canterbury struggles with low proficiency rates in both math and English, indicating urgent need for intervention.",Demographics,Proficiency,K-8
Chandler Elementary Community,Chandler Elem C,Worcester,Public School,514,21.4,81.3,96.7,55.8,13.4,66.0,60.0,52.0,60.0,11.0,9.0,3.0,4.0,13901.25,Level 1,35.0,Performing,Chandler Elementary shows solid math proficiency despite high needs demographics.,Math proficiency,English proficiency,K-8
Flagg Street,Flagg Street,Worcester,Public School,404,19.0,19.3,41.3,16.6,7.4,56.0,61.0,65.0,69.0,6.0,5.0,4.0,5.0,13901.25,Level 2,74.0,Performing,Flagg Street demonstrates solid proficiency rates in both math and English among elementary students.,Proficiency,High Needs,K-8
Heard Street,Heard Street,Worcester,Public School,269,20.1,40.1,61.3,16.7,8.2,49.0,58.0,49.0,63.0,14.0,5.0,3.0,8.0,13901.25,Level 2,63.0,Performing,Heard Street shows average MCAS proficiency rates with manageable warning/fail rates.,Balance,Diversity,K-8
Jacob Hiatt Magnet,Jacob Hiatt Mag,Worcester,Public School,442,19.0,54.1,77.8,30.8,10.2,64.0,18.0,39.0,33.0,15.0,20.0,10.0,20.0,13901.25,Level 2,21.0,Struggling,"The school shows concerning proficiency rates, particularly in 4th grade math and English.",Enrollment,Proficiency,K-8
Nelson Place,Nelson Place,Worcester,Public School,454,15.8,24.9,48.5,13.0,22.5,75.0,51.0,63.0,66.0,8.0,10.0,10.0,14.0,13901.25,Level 2,51.0,Performing,"Nelson Place shows solid proficiency in 3rd grade math, but 4th grade outcomes vary significantly.",Proficiency,Inconsistency,K-8
Norrback Avenue,Norrback Avenue,Worcester,Public School,566,16.9,44.9,71.6,30.0,24.2,46.0,30.0,48.0,46.0,22.0,28.0,18.0,27.0,13901.25,Level 1,39.0,Performing,Norrback Avenue shows solid proficiency in 3rd grade but struggles in 4th grade math.,3rd grade performance,4th grade math,K-8
Rice Square,Rice Square,Worcester,Public School,412,20.1,65.3,85.4,35.7,15.0,40.0,32.0,26.0,44.0,18.0,16.0,18.0,23.0,13901.25,Level 3,18.0,Struggling,"Rice Square shows low proficiency rates, especially in 3rd grade English, indicating significant academic challenges.",Commitment,Proficiency,K-8
Tatnuck,Tatnuck,Worcester,Public School,385,18.4,49.1,74.0,30.1,12.5,66.0,31.0,46.0,53.0,14.0,16.0,16.0,16.0,13901.25,Level 2,29.0,Struggling,"The school has significant disparities in math proficiency rates, particularly in 4th grade.",Engagement,Math performance,K-8
Union Hill School,Union Hill Sch,Worcester,Public School,521,19.4,74.5,92.9,42.6,16.1,49.0,32.0,39.0,37.0,10.0,15.0,10.0,23.0,13901.25,Level 3,19.0,Struggling,The school faces significant challenges with low proficiency rates and high needs among students.,Community,Proficiency,K-8
Vernon Hill School,Vernon Hill Sch,Worcester,Public School,561,19.9,69.7,89.7,40.1,18.9,33.0,17.0,16.0,20.0,34.0,26.0,30.0,36.0,13901.25,Level 3,12.0,At Risk,Vernon Hill School faces significant challenges with low proficiency rates and high warning/fail rates.,Enrollment,Proficiency,K-8
West Tatnuck,W Tatnuck,Worcester,Public School,341,14.3,30.2,56.6,18.2,13.8,93.0,79.0,85.0,79.0,5.0,14.0,3.0,12.0,13901.25,Level 1,92.0,Thriving,"West Tatnuck demonstrates exceptional proficiency rates, especially in 3rd grade math.",Proficiency,None,K-8
Charles E Roderick,Charles E Roder,Wrentham,Public School,439,19.8,9.1,22.3,0.0,15.7,,70.0,,74.0,,2.0,,4.0,13385.77,Level 2,81.0,Thriving,Charles E Roderick boasts high proficiency rates and low warning rates across key assessments.,Proficiency,High Needs,K-8
